{
  "timestamp": "2025-10-31 04-17-41",
  "rows": [
    {
      "task": "direction",
      "horizon": "1day",
      "train_acc": 0.5686607749830047,
      "train_f1": 0.4472193988674314,
      "train_auc": 0.6027591561237751,
      "train_n": 26478,
      "train_pos_rate": 0.46778457587431077,
      "val_acc": 0.5712667119873103,
      "val_f1": 0.4380754380754381,
      "val_auc": 0.5998126759397251,
      "val_n": 8826,
      "val_pos_rate": 0.45615227736233854,
      "test_acc": 0.5171085429413098,
      "test_f1": 0.1964555052790347,
      "test_auc": 0.513769302769902,
      "test_n": 8826,
      "test_pos_rate": 0.4820983457965103
    },
    {
      "task": "direction",
      "horizon": "3day",
      "train_acc": 0.5556310899614775,
      "train_f1": 0.4874542603240983,
      "train_auc": 0.5845771806523108,
      "train_n": 26478,
      "train_pos_rate": 0.49229549059596645,
      "val_acc": 0.5499660095173351,
      "val_f1": 0.4160541017347839,
      "val_auc": 0.5672245243068431,
      "val_n": 8826,
      "val_pos_rate": 0.4732608203036483,
      "test_acc": 0.4857239972807614,
      "test_f1": 0.2153846153846154,
      "test_auc": 0.5120156828465652,
      "test_n": 8826,
      "test_pos_rate": 0.5184681622479039
    },
    {
      "task": "direction",
      "horizon": "5day",
      "train_acc": 0.5542714706548832,
      "train_f1": 0.5315551321743273,
      "train_auc": 0.5820176542907486,
      "train_n": 26478,
      "train_pos_rate": 0.49641211571870986,
      "val_acc": 0.5654883299342851,
      "val_f1": 0.4436384738140142,
      "val_auc": 0.5774546509375045,
      "val_n": 8826,
      "val_pos_rate": 0.4694085656016315,
      "test_acc": 0.4966009517335146,
      "test_f1": 0.25615268709191363,
      "test_auc": 0.5284550612877293,
      "test_n": 8826,
      "test_pos_rate": 0.5193745751189667
    },
    {
      "task": "direction",
      "horizon": "10day",
      "train_acc": 0.5628446257270187,
      "train_f1": 0.5636521280205075,
      "train_auc": 0.5875767083353132,
      "train_n": 26478,
      "train_pos_rate": 0.5010197144799456,
      "val_acc": 0.5543847722637661,
      "val_f1": 0.3220134459575935,
      "val_auc": 0.5627825780912107,
      "val_n": 8826,
      "val_pos_rate": 0.4627237706775436,
      "test_acc": 0.4983004758667573,
      "test_f1": 0.2435941236761189,
      "test_auc": 0.5227906218808362,
      "test_n": 8826,
      "test_pos_rate": 0.5108769544527533
    },
    {
      "task": "volatility",
      "horizon": "1day",
      "train_acc": 0.4295839048925469,
      "train_f1": 0.0,
      "train_auc": NaN,
      "train_n": 8748,
      "train_pos_rate": 0.0,
      "val_acc": 0.4794238683127572,
      "val_f1": 0.0,
      "val_auc": NaN,
      "val_n": 2916,
      "val_pos_rate": 0.0,
      "test_acc": 0.47290809327846367,
      "test_f1": 0.0,
      "test_auc": NaN,
      "test_n": 2916,
      "test_pos_rate": 0.0
    },
    {
      "task": "volatility",
      "horizon": "3day",
      "train_acc": 0.6143118427069044,
      "train_f1": 0.559299895506792,
      "train_auc": 0.6650459655583414,
      "train_n": 8748,
      "train_pos_rate": 0.3844307270233196,
      "val_acc": 0.6275720164609053,
      "val_f1": 0.5508684863523573,
      "val_auc": 0.6791134828371691,
      "val_n": 2916,
      "val_pos_rate": 0.39780521262002744,
      "test_acc": 0.6289437585733882,
      "test_f1": 0.5399659863945578,
      "test_auc": 0.6707083772149568,
      "test_n": 2916,
      "test_pos_rate": 0.35871056241426613
    },
    {
      "task": "volatility",
      "horizon": "5day",
      "train_acc": 0.6496342021033379,
      "train_f1": 0.6245252970721549,
      "train_auc": 0.7068505656000099,
      "train_n": 8748,
      "train_pos_rate": 0.4360996799268404,
      "val_acc": 0.6553497942386831,
      "val_f1": 0.6150900038299502,
      "val_auc": 0.7082849220143405,
      "val_n": 2916,
      "val_pos_rate": 0.45747599451303156,
      "test_acc": 0.6608367626886146,
      "test_f1": 0.609861932938856,
      "test_auc": 0.7143605941112069,
      "test_n": 2916,
      "test_pos_rate": 0.4149519890260631
    },
    {
      "task": "volatility",
      "horizon": "10day",
      "train_acc": 0.6933013260173754,
      "train_f1": 0.6903635314483555,
      "train_auc": 0.7635876251556701,
      "train_n": 8748,
      "train_pos_rate": 0.4813671696387746,
      "val_acc": 0.6992455418381345,
      "val_f1": 0.6919564453811029,
      "val_auc": 0.784918922286601,
      "val_n": 2916,
      "val_pos_rate": 0.5288065843621399,
      "test_acc": 0.7054183813443072,
      "test_f1": 0.6757266893167233,
      "test_auc": 0.7790779549275095,
      "test_n": 2916,
      "test_pos_rate": 0.4454732510288066
    },
    {
      "task": "risk",
      "horizon": "1day",
      "train_acc": 0.6896974652493868,
      "train_f1": 0.16725588199439229,
      "train_auc": 0.6439492612971782,
      "train_n": 22014,
      "train_pos_rate": 0.06250567820477877,
      "val_acc": 0.642681929681112,
      "val_f1": 0.14814814814814814,
      "val_auc": 0.6014147350853856,
      "val_n": 7338,
      "val_pos_rate": 0.06227855001362769,
      "test_acc": 0.5929408558190242,
      "test_f1": 0.17871872422326093,
      "test_auc": 0.6128321524778303,
      "test_n": 7338,
      "test_pos_rate": 0.07672390297083674
    },
    {
      "task": "risk",
      "horizon": "3day",
      "train_acc": 0.6374125556464069,
      "train_f1": 0.34120171673819744,
      "train_auc": 0.5928736955429723,
      "train_n": 22014,
      "train_pos_rate": 0.2176796583992005,
      "val_acc": 0.6041155628236576,
      "val_f1": 0.33295063145809417,
      "val_auc": 0.566853452100551,
      "val_n": 7338,
      "val_pos_rate": 0.21559007904061053,
      "test_acc": 0.5790406105205778,
      "test_f1": 0.3621722073095189,
      "test_auc": 0.5833372510303543,
      "test_n": 7338,
      "test_pos_rate": 0.21831561733442356
    },
    {
      "task": "risk",
      "horizon": "5day",
      "train_acc": 0.5972108658126647,
      "train_f1": 0.4022918773171554,
      "train_auc": 0.5708782202586293,
      "train_n": 22014,
      "train_pos_rate": 0.3295175797219951,
      "val_acc": 0.5662305805396566,
      "val_f1": 0.38847262247838615,
      "val_auc": 0.5459014545713404,
      "val_n": 7338,
      "val_pos_rate": 0.3243390569637503,
      "test_acc": 0.5644589806486782,
      "test_f1": 0.42703477949085694,
      "test_auc": 0.5642240161062392,
      "test_n": 7338,
      "test_pos_rate": 0.31520850367947667
    },
    {
      "task": "risk",
      "horizon": "10day",
      "train_acc": 0.5388389206868357,
      "train_f1": 0.4462746809206938,
      "train_auc": 0.5454165782713377,
      "train_n": 22014,
      "train_pos_rate": 0.485145816298719,
      "val_acc": 0.5201689833742164,
      "val_f1": 0.4475129452377216,
      "val_auc": 0.5315018636009543,
      "val_n": 7338,
      "val_pos_rate": 0.48133006268738077,
      "test_acc": 0.5374761515399291,
      "test_f1": 0.4816737935247404,
      "test_auc": 0.5398253779479458,
      "test_n": 7338,
      "test_pos_rate": 0.4461706186971927
    }
  ]
}