{
  "timestamp": "2025-10-31 02-59-22",
  "rows": [
    {
      "task": "direction",
      "horizon": "1day",
      "train_acc": 0.5686444838916795,
      "train_f1": 0.44711235900663215,
      "train_auc": 0.6027229589762799,
      "train_n": 26477,
      "train_pos_rate": 0.4677267061978321,
      "val_acc": 0.571493315205076,
      "val_f1": 0.43870584743247254,
      "val_auc": 0.6001510019909888,
      "val_n": 8826,
      "val_pos_rate": 0.4562655789712214,
      "test_acc": 0.5169952413324269,
      "test_f1": 0.19641847313854854,
      "test_auc": 0.5158470060545236,
      "test_n": 8826,
      "test_pos_rate": 0.48221164740539313
    },
    {
      "task": "direction",
      "horizon": "3day",
      "train_acc": 0.5556898440155607,
      "train_f1": 0.48754138351629206,
      "train_auc": 0.5846603371539612,
      "train_n": 26477,
      "train_pos_rate": 0.49238962118064733,
      "val_acc": 0.5496261046906866,
      "val_f1": 0.415183169045167,
      "val_auc": 0.5668065133997011,
      "val_n": 8826,
      "val_pos_rate": 0.47292091547699977,
      "test_acc": 0.48595060049852706,
      "test_f1": 0.21627224045603732,
      "test_auc": 0.5144317667626491,
      "test_n": 8826,
      "test_pos_rate": 0.5184681622479039
    },
    {
      "task": "direction",
      "horizon": "5day",
      "train_acc": 0.5541413302111267,
      "train_f1": 0.5313802548529236,
      "train_auc": 0.5819602351106203,
      "train_n": 26477,
      "train_pos_rate": 0.49635532726517356,
      "val_acc": 0.5658282347609336,
      "val_f1": 0.4439930354033662,
      "val_auc": 0.577678343033272,
      "val_n": 8826,
      "val_pos_rate": 0.4694085656016315,
      "test_acc": 0.49671425334239744,
      "test_f1": 0.2566934404283802,
      "test_auc": 0.5307031607378458,
      "test_n": 8826,
      "test_pos_rate": 0.5194878767278496
    },
    {
      "task": "direction",
      "horizon": "10day",
      "train_acc": 0.5628658835970842,
      "train_f1": 0.5636733770640127,
      "train_auc": 0.5875942693781198,
      "train_n": 26477,
      "train_pos_rate": 0.5010764059372286,
      "val_acc": 0.5542714706548832,
      "val_f1": 0.3219579455360221,
      "val_auc": 0.5626924732453152,
      "val_n": 8826,
      "val_pos_rate": 0.4627237706775436,
      "test_acc": 0.49875368230228867,
      "test_f1": 0.24376068376068377,
      "test_auc": 0.5242180233955959,
      "test_n": 8826,
      "test_pos_rate": 0.5107636528438704
    },
    {
      "task": "volatility",
      "horizon": "1day",
      "train_acc": 0.42974734194581,
      "train_f1": 0.0,
      "train_auc": NaN,
      "train_n": 8747,
      "train_pos_rate": 0.0,
      "val_acc": 0.4783950617283951,
      "val_f1": 0.0,
      "val_auc": NaN,
      "val_n": 2916,
      "val_pos_rate": 0.0,
      "test_acc": 0.47530864197530864,
      "test_f1": 0.0,
      "test_auc": NaN,
      "test_n": 2916,
      "test_pos_rate": 0.0
    },
    {
      "task": "volatility",
      "horizon": "3day",
      "train_acc": 0.6143820738538928,
      "train_f1": 0.5593729588504246,
      "train_auc": 0.6650438419758061,
      "train_n": 8747,
      "train_pos_rate": 0.3844746770321253,
      "val_acc": 0.6265432098765432,
      "val_f1": 0.550185873605948,
      "val_auc": 0.6781063578651866,
      "val_n": 2916,
      "val_pos_rate": 0.39814814814814814,
      "test_acc": 0.6299725651577504,
      "test_f1": 0.5406555981268625,
      "test_auc": 0.6722020054265687,
      "test_n": 2916,
      "test_pos_rate": 0.35836762688614543
    },
    {
      "task": "volatility",
      "horizon": "5day",
      "train_acc": 0.6497084714759346,
      "train_f1": 0.6246018132810586,
      "train_auc": 0.7068587840502393,
      "train_n": 8747,
      "train_pos_rate": 0.43614953698410885,
      "val_acc": 0.6539780521262003,
      "val_f1": 0.6138538078836586,
      "val_auc": 0.7069031855753539,
      "val_n": 2916,
      "val_pos_rate": 0.45747599451303156,
      "test_acc": 0.6622085048010974,
      "test_f1": 0.6111330438215554,
      "test_auc": 0.7160260819857963,
      "test_n": 2916,
      "test_pos_rate": 0.4149519890260631
    },
    {
      "task": "volatility",
      "horizon": "10day",
      "train_acc": 0.693609237452841,
      "train_f1": 0.6907454419570737,
      "train_auc": 0.7639027372477338,
      "train_n": 8747,
      "train_pos_rate": 0.4816508517205899,
      "val_acc": 0.6978737997256516,
      "val_f1": 0.6907686907686907,
      "val_auc": 0.7833075629109816,
      "val_n": 2916,
      "val_pos_rate": 0.5288065843621399,
      "test_acc": 0.7064471879286695,
      "test_f1": 0.6764928193499622,
      "test_auc": 0.7804880952154212,
      "test_n": 2916,
      "test_pos_rate": 0.4451303155006859
    },
    {
      "task": "risk",
      "horizon": "1day",
      "train_acc": 0.6810470416842896,
      "train_f1": 0.16836172037740474,
      "train_auc": 0.6394327403267169,
      "train_n": 21279,
      "train_pos_rate": 0.06419474599370271,
      "val_acc": 0.6368250387706189,
      "val_f1": 0.1503957783641161,
      "val_auc": 0.6035764561415556,
      "val_n": 7093,
      "val_pos_rate": 0.06301987875370083,
      "test_acc": 0.5876797293487455,
      "test_f1": 0.17998317914213624,
      "test_auc": 0.6122104974685127,
      "test_n": 7094,
      "test_pos_rate": 0.07767127149703976
    },
    {
      "task": "risk",
      "horizon": "3day",
      "train_acc": 0.6373960841321038,
      "train_f1": 0.34131044726852616,
      "train_auc": 0.5930774568824501,
      "train_n": 22013,
      "train_pos_rate": 0.21764411938400036,
      "val_acc": 0.6043881166530389,
      "val_f1": 0.33340987370838115,
      "val_auc": 0.5672498139657169,
      "val_n": 7338,
      "val_pos_rate": 0.21545380212591986,
      "test_acc": 0.5790406105205778,
      "test_f1": 0.3619086965502995,
      "test_auc": 0.5827801076991104,
      "test_n": 7338,
      "test_pos_rate": 0.2184518942491142
    },
    {
      "task": "risk",
      "horizon": "5day",
      "train_acc": 0.5972379957297961,
      "train_f1": 0.4024801186143685,
      "train_auc": 0.5709483867567836,
      "train_n": 22013,
      "train_pos_rate": 0.3295325489483487,
      "val_acc": 0.5662305805396566,
      "val_f1": 0.38847262247838615,
      "val_auc": 0.5460633436296165,
      "val_n": 7338,
      "val_pos_rate": 0.32420278004905967,
      "test_acc": 0.5640501499046061,
      "test_f1": 0.426394118701811,
      "test_auc": 0.5634129396252632,
      "test_n": 7338,
      "test_pos_rate": 0.31520850367947667
    },
    {
      "task": "risk",
      "horizon": "10day",
      "train_acc": 0.5389542543042748,
      "train_f1": 0.4464685028633761,
      "train_auc": 0.545556286013821,
      "train_n": 22013,
      "train_pos_rate": 0.4850769999545723,
      "val_acc": 0.5203052602889071,
      "val_f1": 0.4477565108252275,
      "val_auc": 0.5317783556056599,
      "val_n": 7338,
      "val_pos_rate": 0.4814663396020714,
      "test_acc": 0.5372035977105478,
      "test_f1": 0.48105134474327627,
      "test_auc": 0.5391780577680978,
      "test_n": 7338,
      "test_pos_rate": 0.4458980648678114
    }
  ]
}